{"cameraMode":{"drawMode":0,"name":"Shaded","section":"Shading Mode"},"sceneLighting":true,"audioPlay":false,"sceneViewState":{"showFog":true,"showMaterialUpdate":false,"showSkybox":true,"showFlares":true,"showImageEffects":true,"showParticleSystems":true},"in2DMode":false,"pivot":{"x":40.93966293334961,"y":8.098320960998536,"z":-19.958101272583009},"rotation":{"x":0.1675930768251419,"y":0.8045947551727295,"z":-0.2683298587799072,"w":0.5025326609611511},"size":49.37307357788086,"orthographic":false}