{"cameraMode":{"drawMode":0,"name":"Shaded","section":"Shading Mode"},"sceneLighting":false,"audioPlay":false,"sceneViewState":{"showFog":true,"showMaterialUpdate":false,"showSkybox":false,"showFlares":true,"showImageEffects":true,"showParticleSystems":true},"in2DMode":false,"pivot":{"x":6.980000019073486,"y":1.7379999160766602,"z":10.958999633789063},"rotation":{"x":0.15092507004737855,"y":-0.012987381778657437,"z":0.0019817580468952657,"w":0.9884579181671143},"size":22.0,"orthographic":false}