{"cameraMode":{"drawMode":0,"name":"Shaded","section":"Shading Mode"},"sceneLighting":false,"audioPlay":false,"sceneViewState":{"showFog":true,"showMaterialUpdate":false,"showSkybox":false,"showFlares":true,"showImageEffects":true,"showParticleSystems":true},"in2DMode":false,"pivot":{"x":6.980000019073486,"y":1.7379999160766602,"z":10.958999633789063},"rotation":{"x":-0.1515047550201416,"y":0.2864706516265869,"z":0.04593005031347275,"w":0.9449187517166138},"size":14.386869430541993,"orthographic":false}